title,authors,average_rating,number_of_pages,number_of_ratings,publisher
Harry Potter and the Half-Blood Prince (Harry Potter  #6),J.K. Rowling/Mary GrandPré,4.57,652,2095690,Scholastic Inc.
Harry Potter and the Order of the Phoenix (Harry Potter  #5),J.K. Rowling/Mary GrandPré,4.49,870,2153167,Scholastic Inc.
Harry Potter and the Chamber of Secrets (Harry Potter  #2),J.K. Rowling,4.42,352,6333,Scholastic
Harry Potter and the Prisoner of Azkaban (Harry Potter  #3),J.K. Rowling/Mary GrandPré,4.56,435,2339585,Scholastic Inc.
Harry Potter Boxed Set  Books 1-5 (Harry Potter  #1-5),J.K. Rowling/Mary GrandPré,4.78,2690,41428,Scholastic
"Unauthorized Harry Potter Book Seven News: ""Half-Blood Prince"" Analysis and Speculation",W. Frederick Zimmerman,3.74,152,19,Nimble Books
Harry Potter Collection (Harry Potter  #1-6),J.K. Rowling,4.73,3342,28242,Scholastic
The Ultimate Hitchhiker's Guide: Five Complete Novels and One Story (Hitchhiker's Guide to the Galaxy  #1-5),Douglas Adams,4.38,815,3628,Gramercy Books
The Ultimate Hitchhiker's Guide to the Galaxy (Hitchhiker's Guide to the Galaxy  #1-5),Douglas Adams,4.38,815,249558,Del Rey Books
The Hitchhiker's Guide to the Galaxy (Hitchhiker's Guide to the Galaxy  #1),Douglas Adams,4.22,215,4930,Crown
The Hitchhiker's Guide to the Galaxy (Hitchhiker's Guide to the Galaxy  #1),Douglas Adams/Stephen Fry,4.22,6,1266,Random House Audio
The Ultimate Hitchhiker's Guide (Hitchhiker's Guide to the Galaxy  #1-5),Douglas Adams,4.38,815,2877,Wings Books
A Short History of Nearly Everything,Bill Bryson,4.21,544,248558,Broadway Books
Bill Bryson's African Diary,Bill Bryson,3.44,55,7270,Broadway Books
Bryson's Dictionary of Troublesome Words: A Writer's Guide to Getting It Right,Bill Bryson,3.87,256,2088,Broadway Books
In a Sunburned Country,Bill Bryson,4.07,335,72451,Broadway Books
I'm a Stranger Here Myself: Notes on Returning to America After Twenty Years Away,Bill Bryson,3.9,304,49240,Broadway Books
The Lost Continent: Travels in Small Town America,Bill Bryson,3.83,299,45712,William Morrow Paperbacks
Neither Here nor There: Travels in Europe,Bill Bryson,3.86,254,48701,William Morrow Paperbacks
Notes from a Small Island,Bill Bryson,3.91,324,80609,William Morrow Paperbacks
The Mother Tongue: English and How It Got That Way,Bill Bryson,3.93,270,28489,William Morrow Paperbacks
J.R.R. Tolkien 4-Book Boxed Set: The Hobbit and The Lord of the Rings,J.R.R. Tolkien,4.59,1728,101233,Ballantine Books
The Lord of the Rings (The Lord of the Rings  #1-3),J.R.R. Tolkien,4.5,1184,1710,Houghton Mifflin Harcourt
The Fellowship of the Ring (The Lord of the Rings  #1),J.R.R. Tolkien,4.36,398,2128944,Houghton Mifflin Harcourt
The Lord of the Rings (The Lord of the Rings  #1-3),J.R.R. Tolkien/Alan  Lee,4.5,1216,1618,Houghton Mifflin Harcourt
The Lord of the Rings: Weapons and Warfare,Chris   Smith/Christopher  Lee/Richard Taylor,4.53,218,19822,Houghton Mifflin Harcourt
The Lord of the Rings: Complete Visual Companion,Jude Fisher,4.5,224,359,Houghton Mifflin Harcourt
Agile Web Development with Rails: A Pragmatic Guide,Dave Thomas/David Heinemeier Hansson/Leon Breedt/Mike Clark/Thomas  Fuchs/Andreas  Schwarz,3.84,558,1430,Pragmatic Bookshelf
Hatchet (Brian's Saga  #1),Gary Paulsen,3.72,208,270244,Atheneum Books for Young Readers: Richard Jackson Books
"Hatchet: A Guide for Using ""Hatchet"" in the Classroom",Donna Ickes/Edward Sciranko/Keith Vasconcelles,4.0,48,36,Teacher Created Resources
Guts: The True Stories behind Hatchet and the Brian Books,Gary Paulsen,3.88,144,2067,Delacorte Press
Molly Hatchet - 5 of the Best,Molly Hatchet,4.33,56,6,Cherry Lane Music Company
Hatchet Jobs: Writings on Contemporary Fiction,Dale Peck,3.45,228,99,The New Press
A Changeling for All Seasons (Changeling Seasons #1),Angela Knight/Sahara Kelly/Judy Mays/Marteeka Karland/Kate Douglas/Shelby Morgen/Lacey Savage/Kate Hill/Willa Okati,3.76,304,167,Changeling Press
Changeling (Changeling  #1),Delia Sherman,3.6,256,978,Viking Juvenile
The Changeling Sea,Patricia A. McKillip,4.06,137,4454,Firebird
The Changeling,Zilpha Keatley Snyder,4.17,228,1176,iUniverse
The Changeling,Kate Horsley,3.55,339,301,Shambhala
The Changeling (Daughters of England  #15),Philippa Carr,3.98,369,345,Ivy Books
The Known World,Edward P. Jones,3.83,388,29686,Amistad
The Known World,Edward P. Jones/Kevin R. Free,3.83,14,55,HarperAudio
The Known World,Edward P. Jones,3.83,576,22,Harper
Traders  Guns & Money: Knowns and Unknowns in the Dazzling World of Derivatives,Satyajit Das,3.83,334,1456,FT Press
Artesia: Adventures in the Known World,Mark Smylie,4.13,352,52,Archaia
The John McPhee Reader (John McPhee Reader  #1),John McPhee/William Howarth,4.42,416,562,Farrar  Straus and Giroux
Uncommon Carriers,John McPhee,3.95,248,1630,Farrar Straus Giroux
Heirs of General Practice,John McPhee,4.17,128,268,Farrar  Straus and Giroux
The Control of Nature,John McPhee,4.24,288,3498,Farrar  Straus and Giroux
Annals of the Former World,John McPhee,4.34,720,3115,Farrar  Straus and Giroux
Coming Into the Country,John McPhee,4.22,448,5704,Farrar  Straus and Giroux
La Place de la Concorde Suisse,John McPhee,3.92,160,698,Farrar  Straus and Giroux
Giving Good Weight,John McPhee,4.23,288,542,Farrar  Straus and Giroux
Rising from the Plains,John McPhee,4.23,208,1341,Farrar  Straus and Giroux
The Heidi Chronicles,Wendy Wasserstein,3.75,81,1423,Dramatists Play Service
The Heidi Chronicles: Uncommon Women and Others & Isn't It Romantic,Wendy Wasserstein,3.84,249,2766,Vintage
Active Literacy Across the Curriculum: Strategies for Reading  Writing  Speaking  and Listening,Heidi Hayes Jacobs,3.94,138,31,Routledge
Simply Beautiful Beaded Jewelry,Heidi Boyd,3.77,128,62,North Light Books
Always Enough: God's Miraculous Provision Among the Poorest Children on Earth,Heidi Baker/Rolland Baker,4.46,192,860,Chosen Books
Mapping the Big Picture: Integrating Curriculum & Assessment K-12,Heidi Hayes Jacobs,3.68,108,77,Association for Supervision & Curriculum Development
Heidi (Heidi  #1-2),Johanna Spyri/Beverly Cleary/Angelo  Rinaldi,3.99,352,153317,Kingfisher
Getting Results with Curriculum Mapping,Heidi Hayes Jacobs,3.25,192,55,ASCD
There's Always Enough: The Miraculous Move of God in Mozambique,Rolland Baker/Heidi Baker,4.46,192,34,Sovereign World
What to Expect the First Year (What to Expect),Heidi Murkoff/Sharon Mazel/Arlene Eisenberg/Sandee Hathaway/Mark D. Widome,3.89,832,11797,Workman Publishing Company
The Player's Handbook: The Ultimate Guide on Dating and Relationships,Heidi Fleiss/Libby Keatinge,3.82,123,34,One Hour Entertainment
Simply Beautiful Beading: 53 Quick and Easy Projects,Heidi Boyd,3.78,128,78,North Light Books
God Emperor of Dune (Dune Chronicles  #4),Frank Herbert,3.84,423,2785,Ace Books
Chapterhouse: Dune (Dune Chronicles #6),Frank Herbert,3.91,436,38778,Ace Books
Dune Messiah (Dune Chronicles #2),Frank Herbert,3.88,331,97494,Ace Books
Dreamer of Dune: The Biography of Frank Herbert,Brian Herbert,4.01,592,784,Tor Books
Heretics of Dune (Dune Chronicles  #5),Frank Herbert,3.86,480,272,Putnam
The Road to Dune,Frank Herbert/Brian Herbert/Kevin J. Anderson,3.88,426,4789,Tor Science Fiction
Heretics of Dune (Dune Chronicles #5),Frank Herbert,3.86,471,45388,Ace Books
The Lord of the Rings: The Art of the Fellowship of the Ring,Gary Russell,4.59,192,26153,Houghton Mifflin Harcourt
The Power of One (The Power of One  #1),Bryce Courtenay,4.35,544,69167,Ballantine Books
The Power of One (The Power of One  #1),Bryce Courtenay,4.35,291,45,Delacorte Books for Young Readers
The Power of One: One Person  One Rule  One Month,John C. Maxwell/Stephen R. Graves/Thomas G. Addington,4.28,256,16,Thomas Nelson
Power of an Hour: Business and Life Mastery in One Hour a Week,Dave Lakhani,3.34,205,174,Wiley
The Power of One: The Solo Play for Playwrights  Actors  and Directors,Louis E. Catron,3.67,240,10,Heinemann Drama
How to Buy  Sell & Profit on eBay: Kick-Start Your Home-Based Business in Just Thirty Days,Adam Ginsberg,3.48,336,76,William Morrow Paperbacks
eBay for Dummies,Marsha Collier,3.5,386,111,Wiley
What to Sell on ebay and Where to Get It: The Definitive Guide to Product Sourcing for eBay and Beyond,Chris Malta/Lisa Suttora,3.62,260,24,McGraw-Hill
Starting an eBay Business for Dummies,Marsha Collier,3.55,384,55,Wiley
eBay: Top 100 Simplified Tips & Tricks,Julia Wilkinson,4.27,260,9,Wiley
ebay Timesaving Techniques for Dummies,Marsha Collier,3.39,391,22,Wiley
eBay Business All-in-One Desk Reference for Dummies,Marsha Collier,3.89,864,17,Wiley
Ruby Cookbook,Lucas Carlson/Leonard Richardson,3.84,873,166,O'Reilly Media
Ruby Ann's Down Home Trailer Park Cookbook,Ruby Ann Boxcar,4.12,240,50,Citadel
Ruby Ann's Down Home Trailer Park BBQin' Cookbook,Ruby Ann Boxcar,4.08,206,13,Citadel
Rails Cookbook: Recipes for Rapid Web Development with Ruby,Rob Orsini,3.48,514,64,O'Reilly Media
Anna Karenina,Leo Tolstoy/Richard Pevear/Larissa Volokhonsky,4.05,838,16643,Penguin Classics
Anna Karenina,Leo Tolstoy/David Magarshack/Priscilla Meyer,4.05,960,109420,Signet
Anna Karenina,Leo Tolstoy/Richard Pevear/Larissa Volokhonsky/John Bayley,4.05,837,2904,Penguin Books
CliffsNotes on Tolstoy's Anna Karenina,Marianne Sturman/Leo Tolstoy,3.85,80,16,Cliffs Notes
Anna Karenina,Leo Tolstoy/Amy Mandelker/Constance Garnett,4.05,803,9564,Barnes & Noble Classics
Anna Karenina,Leo Tolstoy/Louise Maude/Aylmer Maude,4.05,752,474,Dover Publications
Anna Karenina,Leo Tolstoy/Constance Garnett/Amy Mandelker,4.05,803,303,Barnes & Noble
Dinner with Anna Karenina,Gloria Goldreich,2.99,360,411,Mira Books
Tolstoy: Anna Karenina,Anthony Thorlby,4.19,128,1204,Cambridge University Press
Untouchable,Mulk Raj Anand/E.M. Forster,3.71,160,3429,Penguin Books
The Untouchable,John Banville,3.95,367,2163,Vintage
